id,name,hanja,name_en,category,era,address,lat,lon,coord_source,heritage,story,tip,desc_en
campus,동국대 WISE캠퍼스,東國大 WISE,Dongguk Univ. WISE Campus,출발점,1978년 개교,경북 경주시 동대로 123 (석장동),35.862248,129.195123,OSM 장소 좌표,,"모든 학생 코스의 출발점이에요. 불교 종립대학답게 캠퍼스 바로 뒤에 신라 절터(석장사지)가 있고, 학교 박물관이 직접 발굴했어요.",코스 시작 전 편의점에서 물 한 병 챙기기.,Starting point of all student courses.
seokjangsaji,석장사지,錫杖寺址,Seokjangsa Temple Site,절터,신라 7세기,경북 경주시 석장동 산81-2 (캠퍼스 뒤 큰갓산 기슭),35.8655,129.1925,추정(주소 기반) · 카카오 지오코딩 보정 필요,비지정 유적 · 동국대 박물관 발굴(1986·1992) · 탑상무늬 전돌 등 출토,"『삼국유사』에 나오는 조각승 양지 스님이 머물던 절터예요. 양지 스님의 지팡이(석장)가 혼자 날아가 시주를 받아 왔다는 이야기에서 절 이름이 나왔다고 해요. 영묘사 장육존상, 사천왕사 신장상 같은 명작을 만든 신라 최고의 예술가가 우리 학교 뒷산에 살았던 셈이에요.",표지판이 작아요. 지도 앱 길찾기를 켜고 가세요. 풀이 많은 계절엔 긴 바지 추천.,"Site of the temple where Yangji, Silla's legendary monk-sculptor, lived."
geumjangdae,금장대 · 석장동 암각화,金丈臺 · 石丈洞 岩刻畵,Geumjangdae & Seokjang-dong Petroglyphs,명소,청동기 / 정자 복원,경북 경주시 석장동 (형산강·북천 합류부 언덕),35.861283,129.200426,국가유산청 OpenAPI,[경북 기념물] 경주 석장동 암각화,형산강과 북천이 만나는 절벽 위 정자예요. 절벽 아래에는 청동기 시대 사람들이 새긴 칼·사람·짐승 발자국 모양의 암각화가 있어요. 경주 시내가 한눈에 보이는 캠퍼스 최고의 전망대예요.,해 질 녘 강 풍경이 가장 예뻐요. 암각화는 안내판 방향으로 계단을 조금 내려가야 보여요.,Riverside pavilion with Bronze Age rock carvings and a view of Gyeongju.
samnangsaji,삼랑사지 당간지주,三郎寺址 幢竿支柱,Flagpole Supports at Samnangsa Temple Site,불상·석탑,신라 597년 창건,경북 경주시 성건동 (서천 변),35.845715,129.201943,국가유산청 OpenAPI,[보물] 경주 삼랑사지 당간지주,"진평왕 때 세운 삼랑사가 있던 자리로, 지금은 절의 깃발(당)을 걸던 돌기둥 한 쌍만 남아 있어요. 기둥 바깥 모서리를 부드럽게 깎은 솜씨가 좋아 신라 당간지주 중에서도 아름다운 편으로 꼽혀요.",서천 산책로 바로 옆이라 자전거로 들르기도 좋아요.,"A pair of Silla-era stone flagpole supports, all that remains of Samnangsa."
kimyusin,김유신 장군묘,金庾信墓,Tomb of General Kim Yu-sin,명소,신라 7세기,경북 경주시 충효동 (송화산 기슭),35.845141,129.191472,국가유산청 OpenAPI,[사적] 경주 김유신묘 · 십이지신상 둘레돌,삼국통일의 주역 김유신 장군의 무덤이에요. 무덤을 두른 둘레돌에 12지신이 새겨져 있어 띠 동물을 찾아보는 재미가 있어요. 천관사지 이야기(천관녀)와 이어서 보면 좋아요.,벚꽃 시즌(4월 초) 진입로 '흥무로 벚꽃길'이 유명해요.,"Tomb of Silla's great general, ringed by zodiac-animal carvings."
heungnyunsa,흥륜사,興輪寺,Heungnyunsa Temple,현존 사찰,신라 527~544년,경북 경주시 사정동 (흥륜사지),35.828434,129.206966,국가유산청 OpenAPI (흥륜사지),[사적] 경주 흥륜사지,"신라가 불교를 받아들인 뒤 처음으로 나라가 세운 절로 알려져 있어요. 이차돈의 순교(527년) 이후 짓기 시작해 진흥왕 때 완성됐고, 금당에는 아도·이차돈·원효 등 '신라 10성'의 상을 모셨다고 해요. 지금 절터에 비구니 스님들이 새 절을 세워 이어 가고 있어요. (진짜 흥륜사 터가 어디인지는 학계 논의가 있어요.)",절 안에서는 조용히. 대릉원·천마총까지 걸어서 15분이라 시내 코스와 이어 가기 좋아요.,"Regarded as Silla's first state temple, founded after Buddhism was accepted in 527."
cheongwansaji,천관사지,天官寺址,Cheongwansa Temple Site,절터,신라,경북 경주시 교동 (도당산 서쪽),35.82448,129.21528,국가유산청 OpenAPI,[사적] 경주 천관사지,"젊은 김유신이 사랑했던 천관녀의 집터에 세운 절이라는 이야기가 전해져요. 술에 취한 김유신을 태운 말이 습관처럼 천관녀 집으로 가자, 김유신이 말의 목을 베고 발길을 끊었다는 일화가 유명해요.",월정교·교촌마을과 가까워 야경 산책과 묶기 좋아요.,Temple site linked to the love story of Kim Yu-sin and Cheongwan.
seoak_pagoda,서악동 삼층석탑,西岳洞 三層石塔,Three-story Stone Pagoda in Seoak-dong,불상·석탑,통일신라,경북 경주시 서악동 (서악동 고분군 뒤편),35.82796,129.184827,국가유산청 OpenAPI,[보물] 경주 서악동 삼층석탑,"벽돌을 쌓은 듯한 모전석탑 양식을 흉내 낸 독특한 돌탑이에요. 기단을 큰 바위 여러 개로 받치고, 1층 몸돌에 문을 지키는 인왕상을 새겼어요. 뒤로 진흥왕릉 등 왕릉이 이어져 풍경이 좋아요.",봄에는 탑 주변 구절초·꽃밭이 예뻐 사진 명소예요.,"A unique Silla pagoda with guardian figures, set among royal tombs."
muyeol,태종무열왕릉 · 왕릉비,太宗武烈王陵,Tomb of King Muyeol,명소,신라 661년,경북 경주시 서악동,35.825152,129.187877,국가유산청 OpenAPI,[사적] 경주 무열왕릉 · [국보] 경주 태종무열왕릉비,"삼국통일의 기틀을 닦은 김춘추(태종무열왕)의 무덤이에요. 무덤 주인이 확실하게 밝혀진 몇 안 되는 신라 왕릉이고, 거북 받침 위에 용이 얽힌 비석 머리(이수)가 남아 있어요.",주차장·화장실이 있어 서악 코스의 쉼터로 좋아요.,Tomb of King Muyeol with a famed turtle-based stele.
seoak_maae,서악동 마애여래삼존입상,西岳洞 磨崖如來三尊立像,Rock-carved Buddha Triad in Seoak-dong,불상·석탑,신라 7세기,경북 경주시 서악동 선도산 정상 부근,35.833525,129.175897,국가유산청 OpenAPI,[보물] 경주 서악동 마애여래삼존입상,선도산 정상 가까운 바위에 새긴 아미타 삼존불이에요. 가운데 부처님이 7m가 넘는 크기라 올라간 보람이 있어요. 경주 시내와 서악 왕릉군이 발아래 펼쳐져요.,"경사가 급한 산길이에요. 운동화 필수, 왕복 1시간 이상 잡으세요.",A towering 7th-century Buddha triad carved near the summit of Mt. Seondosan.
gulbulsaji,굴불사지 석조사면불상,掘佛寺址 石造四面佛像,Four-sided Rock-carved Buddhas at Gulbulsa Site,불상·석탑,통일신라 8세기,경북 경주시 동천동 산4 (소금강산 기슭),35.857778,129.230076,국가유산청 OpenAPI,[보물] 경주 굴불사지 석조사면불상,"경덕왕이 백률사에 가다가 땅속에서 염불 소리를 듣고 파 보니 큰 바위가 나와, 네 면에 부처님을 새기고 절을 지었다는 이야기가 있어요. 동서남북에 서로 다른 부처님이 새겨진 '사방불'이라 한 바퀴 돌며 비교해 보는 재미가 있어요.",바위를 한 바퀴 돌며 네 부처님을 모두 찾아보세요. 백률사는 여기서 계단으로 10분.,"A boulder carved with Buddhas on all four sides, found by King Gyeongdeok."
baengnyulsa,백률사,栢栗寺,Baengnyulsa Temple,현존 사찰,신라 (전 자추사),경북 경주시 동천동 406-1 (소금강산),35.858874,129.231422,국가유산청 OpenAPI (백률사 대웅전),[경북 지정문화유산] 백률사 대웅전 · [국보] 백률사 금동약사여래입상(국립경주박물관 소장) · 이차돈 순교비(박물관 소장),이차돈이 순교할 때 잘린 목이 날아가 떨어진 곳에 세웠다는 자추사로 전해지는 절이에요. 신라 불교 공인의 상징 같은 곳이죠. 이곳에 있던 금동약사여래입상(국보)과 이차돈 순교비는 지금 국립경주박물관에서 볼 수 있어요.,굴불사지부터 가파른 돌계단이 이어져요. 대웅전 앞 바위에 새긴 탑도 찾아보세요.,"Temple honoring Ichadon, whose martyrdom in 527 led Silla to accept Buddhism."
bunhwangsa,분황사,芬皇寺,Bunhwangsa Temple,현존 사찰,신라 634년,경북 경주시 구황동 (분황로),35.840894,129.233647,국가유산청 OpenAPI (분황사지),[국보] 경주 분황사 모전석탑 · 분황사 석정(우물),"선덕여왕 때 세운 절로, 원효 대사가 머물며 책을 쓴 곳이에요. 돌을 벽돌처럼 다듬어 쌓은 모전석탑은 지금 남아 있는 신라 석탑 가운데 가장 오래된 것으로 꼽혀요. 호국룡이 살았다는 우물 전설도 있어요.",입장료가 있어요(학생 할인). 가을 황룡사지 코스모스·억새와 묶어서 가세요.,Built in 634 under Queen Seondeok; home of the oldest surviving Silla pagoda.
hwangnyongsaji,황룡사지,皇龍寺址,Hwangnyongsa Temple Site,절터,신라 553~645년,경북 경주시 구황동,35.835728,129.230773,국가유산청 OpenAPI,[사적] 경주 황룡사지 · 구층목탑 터 · 장육존상 대좌,진흥왕 때 짓기 시작해 약 90년에 걸쳐 완성한 신라 최대의 국가 사찰이었어요. 자장 율사의 건의로 세운 구층목탑은 높이가 약 80m였다고 해요. 1238년 몽골 침입 때 불타 지금은 넓은 절터와 주춧돌만 남아 있어요.,그늘이 거의 없어요. 여름엔 모자 필수. 옆 '황룡사 역사문화관'에서 1/10 목탑 모형을 볼 수 있어요.,Site of Silla's greatest state temple and its ~80 m nine-story wooden pagoda.
mitansaji,미탄사지 삼층석탑,味呑寺址 三層石塔,Three-story Pagoda at Mitansa Site,불상·석탑,통일신라,경북 경주시 구황동 (황룡사지 남쪽),35.833593,129.234338,국가유산청 OpenAPI,[보물] 경주 미탄사지 삼층석탑,황룡사지 남쪽 들판에 홀로 선 삼층석탑이에요. 『삼국유사』에 최치원의 옛집이 이 절 남쪽에 있었다는 기록이 있어요. 복원 후 들판 한가운데 서 있는 모습이 인상적이에요.,황룡사지에서 남쪽 논길로 5분. 해 질 무렵 사진이 잘 나와요.,A lone Silla pagoda standing in the fields south of Hwangnyongsa.
museum,국립경주박물관,國立慶州博物館,Gyeongju National Museum,명소,1945년 개관,경북 경주시 일정로 186,35.829387,129.227912,국가유산청 OpenAPI (소장품 좌표),[국보] 성덕대왕신종 · [국보] 백률사 금동약사여래입상 · 이차돈 순교비,"백률사 약사여래입상, 이차돈 순교비, 성덕대왕신종(에밀레종)처럼 순례길 곳곳의 진짜 유물이 모여 있는 곳이에요. 코스에서 본 절터의 '원래 주인'을 여기서 만날 수 있어요.",무료 관람(월요일 등 휴관일 확인). 비 오는 날 대체 코스로 좋아요.,Home to the Emille Bell and relics from the temples along the routes.
hwangboksaji,황복사지 삼층석탑,皇福寺址 三層石塔,Three-story Pagoda at Hwangboksa Site,불상·석탑,통일신라 692년,경북 경주시 구황동 (낭산 북쪽),35.832186,129.242391,국가유산청 OpenAPI,[국보] 경주 황복사지 삼층석탑,"의상 대사가 출가한 절로 알려진 황복사 터의 탑이에요. 효소왕이 아버지 신문왕을 위해 세웠고, 탑 안에서 금으로 만든 작은 불상 두 구(국보) 등이 나왔어요.",낭산 코스의 출발점. 주변이 논밭이라 봄·가을 풍경이 좋아요.,Pagoda built in 692 where golden Buddha statuettes were discovered.
nangsan_maae,낭산 마애보살삼존좌상,狼山 磨崖菩薩三尊坐像,Rock-carved Bodhisattva Triad on Nangsan,불상·석탑,통일신라,경북 경주시 배반동 (낭산 중생사 뒤),35.828439,129.239562,국가유산청 OpenAPI,[보물] 경주 낭산 마애보살삼존좌상,낭산 중턱 바위에 새긴 보살 삼존이에요. 가운데 보살 양옆으로 무서운 표정의 신장이 지키고 있는 드문 구성이라 표정 비교가 재미있어요.,작은 절(중생사) 뒤편이라 조용히 관람하세요.,A rare rock-carved bodhisattva triad flanked by guardian figures.
seondeok,선덕여왕릉,善德女王陵,Tomb of Queen Seondeok,명소,신라 647년,경북 경주시 보문동 (낭산 정상부),35.823481,129.242388,국가유산청 OpenAPI,[사적] 경주 선덕여왕릉,"선덕여왕은 자신이 '도리천'에 묻힐 것이라 예언했는데, 신하들은 그곳이 어딘지 몰랐대요. 30여 년 뒤 무덤 아래에 사천왕사가 세워지자, 불교에서 사천왕천 위가 도리천이니 예언이 맞았다는 이야기가 전해져요.",소나무 숲길이라 여름에도 비교적 시원해요.,"Tomb of Queen Seondeok, famous for her prophecy about Doricheon heaven."
sacheonwangsaji,사천왕사지,四天王寺址,Sacheonwangsa Temple Site,절터,신라 679년,경북 경주시 배반동,35.819446,129.242755,국가유산청 OpenAPI,[사적] 경주 사천왕사지 · 녹유신장벽전 출토,"문무왕 때 명랑 법사가 비법으로 당나라 군대를 물리쳤다는 이야기와 함께 세워진 호국 사찰이에요. 여기서 나온 녹색 유약의 신장 벽돌은 석장사의 양지 스님 작품으로 보기도 해서, 학생 코스 '첫걸음의 길'과 이야기가 이어져요.",길 건너 망덕사지와 5분 거리. 도로 횡단 주의.,Guardian temple of 679; its glazed guardian tiles may be Yangji's work.
mangdeoksaji,망덕사지,望德寺址,Mangdeoksa Temple Site,절터,신라 685년경,경북 경주시 배반동,35.817023,129.243832,국가유산청 OpenAPI,[사적] 경주 망덕사지 · [보물] 망덕사지 당간지주,사천왕사를 보러 온 당나라 사신에게 진짜 절을 숨기려고 급하게 따로 지어 보여 준 절이라는 이야기가 있어요. 사신이 속지 않았다는 결말까지 이야기로 들려주기 좋아요.,당간지주가 잘 남아 있어요. 논두렁길이라 비 온 뒤엔 미끄러워요.,Temple said to have been built to fool a Tang envoy about Sacheonwangsa.
bulgok_maae,남산 불곡 마애여래좌상,佛谷 磨崖如來坐像,Rock-carved Seated Buddha in Bulgok Valley,불상·석탑,신라 7세기,경북 경주시 인왕동 (남산 불곡),35.819011,129.230474,국가유산청 OpenAPI,[보물] 경주 남산 불곡 마애여래좌상,바위를 동굴처럼 파고 그 안에 앉힌 부처님이라 '감실 부처'라고 불려요. 고개를 살짝 숙인 모습이 여성스럽다고 해서 선덕여왕을 닮았다는 이야기도 있어요.,입구에서 숲길 10~15분. 남산 입문용으로 좋아요.,"A gentle Buddha seated in a carved rock niche, nicknamed the 'Niche Buddha'."
tapgok_maae,남산 탑곡 마애불상군,塔谷 磨崖佛像群,Rock-carved Buddhas in Tapgok Valley,불상·석탑,통일신라,"경북 경주시 배반동 (남산 탑곡, 옥룡암)",35.814659,129.232812,국가유산청 OpenAPI,[보물] 경주 남산 탑곡 마애불상군,커다란 바위 네 면에 부처님·보살·스님·비천·탑까지 30여 가지를 새긴 '바위 위의 불국토'예요. 북쪽 면의 목탑 두 기는 황룡사 구층목탑의 모습을 짐작하게 해 줘요.,옥룡암 경내를 지나가요. 바위를 한 바퀴 돌며 구경하세요.,"A massive boulder carved on all sides with Buddhas, monks and pagodas."
borisa,보리사 석조여래좌상,菩提寺 石造如來坐像,Seated Stone Buddha at Borisa,현존 사찰,통일신라 9세기,경북 경주시 배반동 (남산 미륵곡),35.811522,129.235634,국가유산청 OpenAPI (미륵곡 석조여래좌상),[보물] 경주 남산 미륵곡 석조여래좌상,남산에서 가장 완전한 모습으로 남은 석조 불상으로 꼽혀요. 화려한 광배(뒤 배경 장식)에 작은 부처님들이 빼곡히 새겨져 있어요. 비구니 스님들이 사는 작은 절 보리사 안에 있어요.,수행 공간이라 조용히 관람하세요.,"One of the most complete stone Buddhas on Namsan, inside Borisa."
baedong_samjon,배동 석조여래삼존입상,拜洞 石造如來三尊立像,Stone Buddha Triad in Bae-dong,불상·석탑,신라 7세기,경북 경주시 배동,35.801772,129.211247,국가유산청 OpenAPI,[보물] 경주 배동 석조여래삼존입상,아기 같은 얼굴에 은은한 미소를 띤 삼존불이라 '삼체석불'로 불려요. 신라 초기 불상의 순수한 표정을 잘 보여 줘요.,남산 서쪽 순례의 첫 인사 코스. 보호각 안에 있어요.,Smiling 7th-century Buddha triad with child-like faces.
samneung,배동 삼릉,拜洞 三陵,Samneung Royal Tombs,명소,신라,경북 경주시 배동,35.797435,129.209084,국가유산청 OpenAPI,[사적] 경주 배동 삼릉,"신라 왕 세 분의 무덤이 나란히 있는 곳이고, 휘어진 소나무 숲이 사진가들 사이에서 유명해요. 남산 삼릉계곡 순례길의 입구예요.",새벽 안개 낀 소나무 숲이 명장면. 화장실은 입구에서 해결하세요.,Three royal tombs in a famous misty pine forest; gateway to Namsan.
samneunggye_buddha,삼릉계 석조여래좌상,三陵溪 石造如來坐像,Seated Stone Buddha in Samneung Valley,불상·석탑,통일신라,경북 경주시 배동 (남산 삼릉계곡),35.795337,129.218216,국가유산청 OpenAPI,[보물] 경주 남산 삼릉계 석조여래좌상,"삼릉계곡을 오르다 만나는 당당한 좌상이에요. 깨진 얼굴을 복원해 다시 모셨고, 계곡을 따라 선각 불상·마애관음 등 여러 부처님을 차례로 만나는 순례길의 중심이에요.",여기부터 금오봉까지 오르막이 이어져요. 물 넉넉히.,"A dignified seated Buddha, the heart of the Samneung Valley pilgrimage."
yongjang_pagoda,용장사곡 삼층석탑,茸長寺谷 三層石塔,Three-story Pagoda in Yongjangsa Valley,불상·석탑,통일신라,경북 경주시 내남면 용장리 (남산 용장골 능선),35.780935,129.223073,국가유산청 OpenAPI,[보물] 경주 남산 용장사곡 삼층석탑,"산 능선의 자연 바위를 아래 기단으로 삼아, 남산 전체가 탑의 받침이 되도록 세웠다고 해요. 김시습이 이 아래 용장사에서 『금오신화』를 썼어요.",바위 끝에 서 있어 난간이 없어요. 사진 찍을 때 발밑 조심.,"A pagoda that uses the whole mountain as its base, above old Yongjangsa."
yongjang_buddha,용장사곡 석조여래좌상,茸長寺谷 石造如來坐像,Seated Stone Buddha in Yongjangsa Valley,불상·석탑,통일신라 8세기,경북 경주시 내남면 용장리 (용장사지),35.778566,129.221273,국가유산청 OpenAPI,[보물] 경주 남산 용장사곡 석조여래좌상,둥근 받침을 세 층 쌓아 올린 독특한 대좌 위에 앉은 불상이에요. 유가종 스님 대현이 이 불상을 돌며 염불하면 불상도 고개를 따라 돌렸다는 이야기가 『삼국유사』에 전해져요.,머리가 없는 불상이지만 대좌 모양이 특별해요. 사진은 아래쪽에서 올려 찍기.,A headless Buddha on a unique three-tier round pedestal.
yongjang_maae,용장사지 마애여래좌상,茸長寺址 磨崖如來坐像,Rock-carved Seated Buddha at Yongjangsa Site,불상·석탑,통일신라,경북 경주시 내남면 용장리 (용장사지),35.780859,129.222892,국가유산청 OpenAPI,[보물] 경주 남산 용장사지 마애여래좌상,석조여래좌상 바로 곁 바위에 선으로 새긴 부처님이에요. 부드러운 선과 온화한 얼굴이 돋보여 용장사지 순례의 마지막 인사처가 돼요.,석조여래좌상과 붙어 있으니 함께 보세요.,A finely incised seated Buddha beside the Yongjangsa pedestal Buddha.
chilbulam,칠불암 마애불상군,七佛庵 磨崖佛像群,Rock-carved Buddhas at Chilbulam,현존 사찰,통일신라 8세기,경북 경주시 남산동 (남산 봉화골),35.771456,129.235351,국가유산청 OpenAPI,[국보] 경주 남산 칠불암 마애불상군,"바위에 새긴 부처님 일곱 분이 모여 있어 '칠불암'이에요. 남산 불상 가운데 유일한 국보로, 암자에서 차 한 잔 주시는 인심으로도 유명해요.",남산동 쪽에서 오르막 약 1시간. 코스에는 넣지 않은 '도전 명소'예요.,"Seven rock-carved Buddhas, the only National Treasure among Namsan's Buddhas."
bulguksa,불국사,佛國寺,Bulguksa Temple,현존 사찰,신라 751년 중창,경북 경주시 불국로 385,35.790157,129.332056,국가유산청 OpenAPI,[국보] 다보탑 · [국보] 삼층석탑(석가탑) · [국보] 청운교·백운교 · 유네스코 세계유산(1995),"김대성이 현생의 부모를 위해 지었다고 전하는 절로, '부처님의 나라'를 땅 위에 옮겨 놓은 설계가 특징이에요. 화려한 다보탑과 단정한 석가탑이 한 마당에 나란히 서 있어요.",경주 시내에서 10·11번 버스. 오전 일찍 가면 단체 관광객을 피할 수 있어요.,"UNESCO World Heritage temple (1995), home of Dabotap and Seokgatap pagodas."
seokguram,석굴암,石窟庵,Seokguram Grotto,현존 사찰,신라 751년,경북 경주시 불국로 873-243 (토함산),35.794852,129.349242,국가유산청 OpenAPI,[국보] 경주 석굴암 석굴 · 유네스코 세계유산(1995),김대성이 전생의 부모를 위해 지었다고 전하는 인공 석굴 사원이에요. 동해를 바라보는 본존불과 둘레 조각들이 수학적 비례로 배치된 신라 불교 조각의 정점이에요.,불국사에서 등산로(약 1시간) 또는 버스. 석굴 내부는 유리벽 너머로 관람해요.,UNESCO-listed artificial grotto; its Buddha faces the East Sea.
golgulsa,골굴사,骨窟寺,Golgulsa Temple,현존 사찰,신라 6세기(전),경북 경주시 문무대왕면 기림로 101-5,35.803363,129.405379,국가유산청 OpenAPI (골굴암 마애여래좌상),[보물] 경주 골굴암 마애여래좌상,절벽에 판 12개의 석굴과 꼭대기의 마애불로 유명한 석굴 사원이에요. 선무도 수련과 템플스테이로 외국인에게 특히 인기가 높아요.,시내에서 멀어요(버스 약 1시간). 외국인 템플스테이 제안 시 참고.,Cliff-side cave temple famous for Sunmudo martial arts templestay.
girimsa,기림사,祇林寺,Girimsa Temple,현존 사찰,신라 (전),경북 경주시 문무대왕면 기림로 437-17,35.838128,129.403487,국가유산청 OpenAPI (기림사 대적광전),[보물] 경주 기림사 대적광전 · [보물] 건칠보살반가상,"함월산 깊은 곳의 큰 절로, 조선 시대 건물과 불상이 잘 남아 있어요. 오색 약수로도 알려져 있어요.",골굴사와 가까워 함께 묶는 게 좋아요.,A large mountain temple with well-preserved Joseon halls.
